{
 "stats":{
  "Zmax":10.0,
  "Ymax":5.0,
  "Zmin":0.0,
  "Xmax":5.0,
  "Xmin":-5.0,
  "Ymin":-5.0
 },
 "data":{
  "vertices":{
   "1":[-5.0,-5.0,10.0],
   "0":[-5.0,5.0,10.0],
   "3":[5.0,-5.0,10.0],
   "2":[-5.0,5.0,0.0],
   "5":[5.0,5.0,10.0],
   "4":[-5.0,-5.0,0.0],
   "7":[5.0,-5.0,0.0],
   "6":[5.0,5.0,0.0]
  },
  "volumes":{
   "0":["11","10","1","0","3","2","5","4","7","6","9","8"]
  },
  "faces":{
   "11":["5","1","3"],
   "10":["5","0","1"],
   "1":["2","4","1"],
   "0":["0","2","1"],
   "3":["3","7","6"],
   "2":["3","6","5"],
   "5":["1","4","3"],
   "4":["4","7","3"],
   "7":["5","2","0"],
   "6":["5","6","2"],
   "9":["7","4","6"],
   "8":["4","2","6"]
  }
 },
 "id":"cwe_cube",
 "dimensions":3
}
